Year,SpawningHabitatSuitability
1994,0.327123413
1995,0.375336744
1996,0.390978835
1997,0.379235153
1998,0.205113026
1999,0.361273696
2000,0.318653752
2001,0.247644268
2002,0.327922505
2003,0.186256042
2004,0.337093508
2005,0.298943779
2006,0.296366128
2007,0.401064654
2008,0.355819626
2009,0.370096484
2010,0.287676969
2011,0.322305676
2012,0.404963485
2013,0.339112237
2014,0.285814982
2015,0.186980355
2016,0.183391113
2017,0.276212086
2018,0.25414207
2019,0.182161999
2020,0.285116232
